Designator,Mid X,Mid Y,Rotation,Layer
C1,91.6,-92.4,90.0,top
C10,114.6,-121.3,90.0,top
C11,98.6,-122.3,180.0,top
C12,110.9,-118.3,0.0,top
C13,104.1,-106.8,180.0,top
C14,110.3,-110.7,0.0,top
C15,107.0,-110.5,90.0,top
C16,107.8,-112.9,0.0,top
C17,83.5,-105.6,90.0,top
C18,104.575,-116.8,0.0,top
C19,83.5,-108.625,270.0,top
C2,95.6,-92.9,270.0,top
C20,85.5,-111.6,270.0,top
C21,98.6,-116.3,0.0,top
C22,94.625,-116.3,180.0,top
C23,94.6,-118.8,180.0,top
C24,89.6,-114.3,270.0,top
C25,100.875,-108.3,0.0,top
C26,92.325,-109.3,180.0,top
C27,92.6,-112.8,270.0,top
C28,112.6,-95.3,270.0,top
C29,119.8,-91.7,0.0,top
C3,100.1,-85.8,0.0,top
C30,115.9,-92.1,180.0,top
C31,120.875,-93.8,0.0,top
C32,114.1,-113.8,90.0,top
C33,114.4,-98.7,180.0,top
C34,114.1,-117.0,270.0,top
C35,112.1,-114.3,90.0,top
C36,116.825,-102.8,0.0,top
C37,121.0,-99.8,0.0,top
C38,121.0,-102.3,0.0,top
C39,118.1,-121.8,180.0,top
C4,109.6,-100.3,270.0,top
C40,117.1,-112.3,0.0,top
C41,121.8,-107.8,90.0,top
C42,122.1,-111.775,270.0,top
C43,94.9825,-81.245,90.0,top
C44,91.6,-87.7,270.0,top
C45,91.875,-84.3,0.0,top
C46,89.6,-85.3,270.0,top
C47,83.375,-117.3,180.0,top
C48,85.1,-81.8,90.0,top
C49,83.375,-119.3,180.0,top
C5,93.375,-73.8,0.0,top
C50,84.2,-121.3,180.0,top
C51,83.6,-93.3,180.0,top
C52,87.6,-93.3,0.0,top
C53,87.6,-90.8,0.0,top
C54,91.1,-121.75,270.0,top
C55,82.6,-100.3,90.0,top
C56,89.6,-100.3,90.0,top
C57,92.1,-100.3,90.0,top
C58,117.35,-85.8,180.0,top
C6,107.6,-72.325,90.0,top
C7,107.0,-84.75,270.0,top
C8,109.95,-72.325,90.0,top
C9,107.7,-116.5,90.0,top
D1,95.2,-77.3,0.0,top
H1,86.6,-127.8,0.0,top
H2,118.6,-127.8,0.0,top
H3,86.6,-72.8,0.0,top
H4,118.6,-72.8,0.0,top
Q1,97.6,-71.9,270.0,top
Q2,103.1,-71.95,270.0,top
Q3,100.6,-77.8,90.0,top
Q4,106.6,-78.8,270.0,top
R1,93.4,-75.5,0.0,top
R10,103.6,-114.8,180.0,top
R11,100.9,-112.3,90.0,top
R12,94.1875,-121.3,180.0,top
R13,114.1,-95.3,90.0,top
R14,117.6,-98.8,270.0,top
R15,117.1,-101.3,0.0,top
R16,121.0125,-97.3,0.0,top
R17,93.4825,-81.145,270.0,top
R18,87.1,-82.3,270.0,top
R19,87.1,-85.625,270.0,top
R2,105.6,-68.8,180.0,top
R20,88.1,-88.3,0.0,top
R21,115.1,-79.4,90.0,top
R22,117.55,-80.2,0.0,top
R23,117.55,-78.6,180.0,top
R3,99.775,-68.8,180.0,top
R4,112.3,-78.8,270.0,top
R5,110.0,-122.7,180.0,top
R6,101.1,-115.3,90.0,top
R7,110.1,-120.3,0.0,top
R8,121.6,-121.975,90.0,top
R9,104.1,-108.3,0.0,top
RN1,99.6,-118.8,0.0,top
RN10,98.53,-81.4,270.0,top
RN11,101.7,-81.4,270.0,top
RN12,88.5,-121.3,270.0,top
RN13,90.1,-96.4,180.0,top
RN14,116.9,-82.8,180.0,top
RN2,113.1,-105.8,0.0,top
RN3,113.1,-102.6,0.0,top
RN4,88.2,-110.8,180.0,top
RN5,92.1,-106.8,180.0,top
RN6,116.8,-89.3,90.0,top
RN7,113.5,-89.3,90.0,top
RN8,118.1,-119.2,180.0,top
RN9,114.1,-109.3,180.0,top
U10,90.52,-81.22,180.0,top
U11,88.1,-118.3,180.0,top
U12,86.1,-98.3,180.0,top
U3,104.6,-120.8,270.0,top
U4,104.02,-111.22,270.0,top
U5,87.6,-107.3,180.0,top
U6,96.6,-111.3,0.0,top
U7,117.1,-95.05,0.0,top
U8,118.1,-115.7,180.0,top
U9,118.1,-107.3,180.0,top
