Designator,Footprint,Quantity,Value,LCSC Part #
"C1, C6, C8",1206,3,10u,C13585
"C10, C11, C12, C14, C20, C22, C23, C27, C29, C35, C37, C38, C42, C44, C50, C52, C53, C57",1206,18,4u7,C29823
"C13, C28, C43",0603,3,10n,C57112
"C15, C16, C17, C19, C2, C21, C25, C26, C3, C30, C31, C32, C34, C36, C4, C40, C41, C45, C46, C47, C49, C51, C55, C56, C9",0603,25,100n,C14663
"C18, C33, C48",1206,3,47u,C96123
"C24, C39, C54, C58, C7",0805,5,220n,C5378
C5,0603,1,1n,C1588
D1,D_SOD-323,1,1N4148WS,C2128
"Q1, Q2",SOT-89-3,2,D882,C9634
Q3,SOT-89-3,1,B772,C24278
Q4,SO-8_3.9x4.9mm_P1.27mm,1,DMC3028LSD,C460874
"R1, R2, R3, R5",0603,4,1k,C21190
"R10, R14, R18",0603,3,300k,C5948140
"R11, R15, R19, R8",0603,4,20k,C2076520
"R12, R16, R20",0805,3,100M,C169373
"R13, R17, R9",0603,3,120,C860088
"R21, R22, R23",0603,3,100k,C860056
R4,2512,1,220,C4202072
"R6, R7",0603,2,20,C22950
RN1,R_Array_Convex_2x0603,1,10k,C2654064
"RN10, RN11, RN13, RN2, RN3, RN5, RN6, RN7, RN9",R_Array_Convex_2x0603,9,20k,C5553154
"RN12, RN14, RN4, RN8",R_Array_Convex_2x0603,4,1k,C1731140
"U10, U4, U7",VQFN-16-1EP_3x3mm_P0.5mm_EP1.68x1.68mm,3,INA851RGTR,C5371575
"U11, U5, U8",VSSOP-8_3x3mm_P0.65mm,3,THP210DGK,C976185
"U12, U3, U6, U9",SOIC-8_3.9x4.9mm_P1.27mm,4,OPA2197xD,C139363
